file_name,title,brief summary,queries
@hermoneymastery_video_7254212698383142187,Debt-Free Strategy and Savings Plan,"The content outlines a personal journey to becoming debt-free and saving $10,000 through mindset shifts, budgeting techniques, setting up dedicated accounts, using cash envelopes, creating an emergency fund, and employing the snowball method for debt repayment.","['debt-free strategy mindset shifts effectiveness', 'budgeting techniques for saving money', 'snowball method debt repayment success rate', 'best practices for creating an emergency fund']"
@hermoneymastery_video_7286913008788426027,Multi-Account Strategy for Budgeting,"Utilizing multiple bank accounts to streamline budgeting and tracking expenses, including dedicated accounts for bills, spending, savings, and retirement.","['benefits of using multiple bank accounts for budgeting', 'how to streamline budgeting with dedicated bank accounts', 'impact of multi-account strategy on expense tracking', 'financial expert opinions on multiple bank accounts for budgeting']"
@hermoneymastery_video_7287292622924893486,Maximize Savings with High-Yield Accounts,Utilize high-yield savings accounts to significantly increase the interest earned on savings compared to traditional savings accounts.,"['current high-yield savings account interest rates comparison', 'benefits of high-yield savings accounts vs traditional savings accounts', 'top high-yield savings accounts 2023', 'financial institutions offering high-yield savings accounts']"
@hermoneymastery_video_7301700833052314922,Debt Payoff Strategies: Snowball vs. Avalanche,"The content discusses two effective methods for paying off debt faster: the Snowball method, which focuses on paying off the smallest debts first for quick wins, and the Avalanche method, which prioritizes paying off debts with the highest interest rates to save money over time.","['Snowball method debt payoff effectiveness studies', 'Avalanche method debt repayment savings analysis', 'comparison Snowball vs Avalanche debt payoff strategies', 'financial expert opinions on debt repayment methods']"
@hermoneymastery_video_7329918298571820331,Mindset Shift and Budgeting for Financial Health,"The content emphasizes the importance of mindset, prioritizing savings over discretionary spending, and creating a budget to manage finances effectively, alongside actionable steps to achieve these goals.","['importance of mindset in financial health', 'effective budgeting techniques for savings', 'impact of prioritizing savings over discretionary spending', 'actionable steps for creating a personal budget']"
@hermoneymastery_video_7336234216226639150,100 Envelope Savings Challenge,"A savings challenge where participants save money by filling 100 envelopes with increasing amounts, leading to a total of $5,050.","['100 Envelope Savings Challenge total savings $5,050', 'benefits of envelope savings challenges', 'increasing amounts savings challenge effectiveness', 'financial success stories 100 Envelope Challenge']"
@hermoneymastery_video_7340687832308223278,Mindset and Budgeting Strategies for Financial Success,"The content discusses the importance of cultivating a positive mindset and implementing strict budgeting techniques, such as zero-based budgeting and cash stuffing, to achieve financial stability and growth.","['importance of positive mindset in financial success', 'zero-based budgeting effectiveness studies', 'cash stuffing budgeting technique reviews', 'impact of budgeting strategies on financial stability']"
@nobudgetbabe_video_7187799448779590918,Calculating Your Real Hourly Wage,"This hack involves calculating your actual hourly wage by factoring in all expenses related to your job, including both hard costs (like transportation and clothing) and soft costs (like meals and health expenses), to gain a clearer understanding of your financial situation.","['How to calculate real hourly wage factoring in job-related expenses', 'Impact of transportation and clothing costs on hourly wage calculations', 'Soft costs of employment like meals and health expenses impact on wages', 'Methods for calculating true income after job-related expenses']"
@nobudgetbabe_video_7187818541968542982,Start Small and Scale Up Your Investments,"This hack emphasizes the importance of beginning with small investments, such as $50 per month, and gradually increasing contributions over time as income grows, ultimately leading to significant wealth accumulation through compound interest.","['impact of small investments on wealth accumulation', 'compound interest benefits of starting with $50 per month', 'strategies for scaling up investments over time', 'historical data on small investment growth over years']"
@nobudgetbabe_video_7197977295737359621,Building an Emergency Fund and Negotiating Bills,"The content discusses the journey of an individual who learned to build an emergency fund, negotiate bills, and improve their financial situation through a financial program.","['how to build an emergency fund effectively', 'best practices for negotiating bills with service providers', 'financial programs for building emergency funds', 'impact of emergency funds on financial stability']"
@nobudgetbabe_video_7208945810539547910,Protecting Personal Information Online,"The importance of not sharing sensitive personal information, especially regarding children and locations, to maintain safety in a digital world.","['importance of protecting personal information online', 'risks of sharing sensitive information about children', 'impact of location sharing on personal safety online', 'best practices for maintaining online privacy']"
@nobudgetbabe_video_7218010388393217285,Calculate Your Retirement Needs Based on Lifestyle,Determine how much money you need for retirement by envisioning your desired lifestyle and calculating the necessary savings to support that lifestyle. Invest early and consistently to take advantage of compound growth.,"['retirement savings calculations based on lifestyle', 'impact of lifestyle choices on retirement funding', 'how compound growth affects retirement savings', 'strategies for early and consistent investment for retirement']"
@nobudgetbabe_video_7218631758751763718,Investing While in Debt,"The content suggests that individuals do not need to be debt-free before starting to invest, highlighting that delaying investments due to debt could result in lost opportunities for significant profits.","['Is it advisable to invest while in debt?', 'Impact of debt on investment returns', 'Can investing while in debt lead to missed opportunities?', 'Financial expert opinions on investing versus paying off debt']"
@nobudgetbabe_video_7237851770519686405,Investing in the Stock Market for Passive Income,"The content suggests that individuals can achieve financial success by investing small amounts, like fifty dollars a month, in the stock market, thereby becoming part owners in multiple companies and earning income similar to business owners without the associated burdens.","['Can small investments like fifty dollars a month generate passive income in the stock market?', 'What are the benefits of owning shares in multiple companies for passive income?', 'Are there statistics on returns from small monthly investments in the stock market?', 'What are the risks associated with investing small amounts in the stock market?']"
@nobudgetbabe_video_7239371891100765445,Investing in Assets to Generate Cash Flow,"The content emphasizes the importance of investing in assets like stocks and real estate to generate passive income, enabling individuals to fund their lifestyle without working for money.","['Benefits of investing in stocks for passive income', 'Real estate investment cash flow strategies', 'How to generate passive income from assets', 'Risks of relying on assets for lifestyle funding']"
@nobudgetbabe_video_7247529929359805701,Align Spending with Values and Goals,The content emphasizes the importance of spending money on things that align with personal values and goals while avoiding excessive spending that doesn't add value to life.,"['impact of aligning spending with personal values on financial well-being', 'research on spending aligned with personal goals', 'benefits of mindful spending and value-based purchasing', 'studies on excessive spending and its effect on life satisfaction']"
@nobudgetbabe_video_7376336569277467910,Strategies for Buying a House with Limited Funds,"The content outlines four strategies to help individuals buy a house without needing a large down payment, including renting in a desirable area while building equity, house hacking, skill enhancement for higher income, and investing the cost difference when renting versus owning.","['validity of renting while building equity', 'house hacking strategies overview', 'impact of skill enhancement on home buying', 'investing cost difference renting versus owning']"
@nobudgetbabe_video_7410407222456454406,Increase Active Income and Reduce Expenses,"The content emphasizes the importance of increasing active income, reducing fixed and discretionary expenses, and starting to invest early, particularly in retirement accounts to leverage tax advantages and compound interest.","['how to increase active income strategies', 'methods to reduce fixed and discretionary expenses', 'benefits of investing early in retirement accounts', 'tax advantages of retirement accounts and compound interest']"
@nobudgetbabe_video_7410507927296937222,The Wealth Building Steps: From Saving to Investing,"The content outlines a four-step process for achieving financial freedom, emphasizing the importance of earning money, saving, investing in income-producing assets, and ultimately living off passive income.","['importance of earning money in wealth building', 'effective saving strategies for financial freedom', 'investing in income-producing assets benefits', 'living off passive income strategies']"
@nobudgetbabe_video_7410834166188707077,Rewire Your Beliefs for Financial Success,"The content emphasizes the importance of changing your mindset regarding money to attract wealth and success, suggesting that belief in easy money can lead to actions that align with that belief.","['impact of mindset on financial success', 'psychology of money and wealth attraction', 'belief systems and financial behavior', 'scientific studies on mindset and financial outcomes']"
@nobudgetbabe_video_7411156090685066501,Invest Early to Achieve Financial Independence,"The content suggests that by starting to save and invest early in life, individuals can build significant wealth and potentially achieve a state of financial independence much sooner than conventional retirement age.","['benefits of investing early for financial independence', 'impact of early saving on wealth accumulation', 'financial independence strategies for early investors', 'research on early investing and retirement age']"
@nobudgetbabe_video_7411201473683524870,Empower Your Financial Decisions,"Recognize that your current financial situation is a reflection of your choices and beliefs, and take responsibility to change your habits for a better future.","['how to take responsibility for financial choices', 'impact of beliefs on financial habits', 'strategies to change financial habits effectively', 'role of personal accountability in financial success']"
@nobudgetbabe_video_7411517310441262341,Using Balance Transfer Cards to Manage Debt,Utilize balance transfer cards that offer 0% interest for a promotional period to pay down high-interest credit card debt more effectively.,"['benefits of balance transfer cards 0% interest promotional period', 'how to use balance transfer cards to manage debt effectively', 'risks of balance transfer cards for high-interest credit card debt', 'current offers for balance transfer cards with 0% interest']"
@nobudgetbabe_video_7411633346972830981,Transforming Financial Destiny,"The narrative discusses how an individual transformed their financial situation from significant debt to becoming a millionaire, emphasizing the importance of learning about money and taking proactive steps to change one's economic circumstances.","['success stories of debt to millionaire transformation', 'importance of financial education in debt management', 'proactive steps for improving financial circumstances', 'financial literacy programs and their effectiveness']"
@nobudgetbabe_video_7411890181906779397,Investing in Dividend ETFs for Passive Income,"The content discusses investing in two specific ETFs, ZRE and BDY, which provide significant annual dividend payouts, allowing investors to earn passive income without being landlords.","['ZRE ETF dividend payout history', 'BDY ETF annual dividend yield', 'financial performance comparison ZRE BDY ETFs', 'investing in Dividend ETFs for passive income strategies']"
@nobudgetbabe_video_7412259814920686854,Diversification in Investing,"The video emphasizes the importance of diversifying investments beyond the S&P 500 to include different industries, countries, and company sizes, while also considering bonds as one ages.","['importance of diversification in investing beyond S&P 500', 'benefits of investing in different industries and countries', 'impact of age on investment strategies including bonds', 'recommended asset allocation for diversified portfolios']"
@nobudgetbabe_video_7412421506774355205,Respect Your Earnings and Avoid Lifestyle Inflation,"This hack emphasizes the importance of valuing your income and avoiding the trap of lifestyle inflation, which can lead to living paycheck to paycheck regardless of how much you earn.","['importance of valuing income financial advice', 'lifestyle inflation impact on personal finance', 'strategies to avoid lifestyle inflation', 'how to manage earnings without lifestyle inflation']"
@nobudgetbabe_video_7412632481272220933,Identifying and Reducing Fixed Expenses,"The content discusses the importance of understanding one's financial situation, particularly focusing on fixed expenses that consume a large percentage of income, and offers a path to identify root causes of financial stress to implement effective solutions.","['What are common fixed expenses that contribute to financial stress?', 'How to identify fixed expenses in personal finance?', 'What strategies exist for reducing fixed expenses effectively?', 'What percentage of income should fixed expenses ideally represent?']"
@nobudgetbabe_video_7413006516116032773,"Setting Small, Achievable Goals for Financial Success","The content emphasizes the importance of breaking down large financial goals into smaller, manageable tasks to avoid feeling overwhelmed and to facilitate progress.","['benefits of setting small financial goals', 'impact of manageable tasks on financial success', 'psychology of breaking down financial goals', 'strategies for achieving small financial tasks']"
@nobudgetbabe_video_7413031439152762117,Determining Your Financial Independence Number,"The content discusses the concept of a financial independence number, also referred to as an FU number, which is the amount of money one needs to achieve their ideal lifestyle.","['What is a financial independence number?', 'How to calculate your FU number for financial independence?', 'What factors influence financial independence number calculations?', 'Are there any official guidelines for determining financial independence?']"
@nobudgetbabe_video_7413169283217247493,Five Money Lessons for Aspiring Millionaires,"The content outlines five essential lessons for achieving wealth, including the misconception of homes as investments, the correlation between wedding expenses and marriage longevity, the necessity of investing for retirement, the simplicity of investment strategies, and the financial implications of raising children.","['Are homes considered good investments according to financial experts?', 'What is the relationship between wedding expenses and marriage longevity?', 'What are the recommended strategies for investing for retirement?', 'What are the financial implications of raising children according to financial advisors?']"
@nobudgetbabe_video_7413409529892850949,Start Investing Early for Compound Growth,"The content emphasizes the importance of starting to invest at a young age, even with small amounts, to take advantage of compound interest over time.","['benefits of starting to invest early for compound growth', 'impact of compound interest on small investments over time', 'financial research on early investment and compound interest', 'case studies of early investors and compound growth outcomes']"
